Node id 	Page Rank
0	0.00625325
1	0.000235972
2	0.00020144
3	0.000226243
4	0.000235529
5	0.000202418
6	0.000177205
7	0.000263111
8	0.000233254
9	0.000603246
10	0.00013548
11	5.24765e-05
12	5.24765e-05
13	0.000332472
14	0.000285992
15	5.24765e-05
16	0.000133553
17	0.000257505
18	5.24765e-05
19	0.000376166
20	0.000290391
21	0.000695575
22	0.000164041
23	0.000400099
24	0.000227807
25	0.000803082
26	0.000696276
27	9.89072e-05
28	0.000252939
29	0.000191977
30	0.000212841
31	0.000299806
32	0.000146762
33	9.13221e-05
34	9.20575e-05
35	7.30843e-05
36	0.000184357
37	5.24765e-05
38	0.00014145
39	0.000195295
40	0.000497586
41	0.000460699
42	9.13221e-05
43	5.24765e-05
44	0.000135919
45	0.000160146
46	0.000131641
47	8.00641e-05
48	0.000292799
49	0.000154311
50	0.000153244
51	0.000140022
52	8.17009e-05
53	0.000415014
54	0.000134566
55	0.000198352
56	0.000808324
57	0.000213468
58	0.00021209
59	0.000225049
60	0.000118231
61	9.9011e-05
62	0.000295516
63	9.78636e-05
64	0.000142044
65	0.000160628
66	0.00017972
67	0.000776683
68	0.000211995
69	0.000141408
70	7.64333e-05
71	0.000100825
72	0.000274657
73	0.000158041
74	5.24765e-05
75	0.000176679
76	8.24965e-05
77	0.000120637
78	0.000214214
79	0.000153451
80	0.000314162
81	0.000106937
82	0.000386723
83	0.000140022
84	0.00019117
85	0.000183455
86	0.000150013
87	0.000172972
88	0.000284652
89	0.000225239
90	8.88183e-05
91	0.000233254
92	0.000287802
93	0.000182253
94	0.000298309
95	0.000177732
96	0.0001463
97	0.000108866
98	0.000503247
99	0.000295208
100	0.000174115
101	0.000265859
102	0.000151791
103	0.000188845
104	0.000348262
105	0.000181863
106	0.000127717
107	0.00690331
108	0.000199585
109	0.000403407
110	0.00015329
111	0.000290919
112	0.000100048
113	0.000424069
114	5.24765e-05
115	0.00041316
116	0.000322124
117	0.00011257
118	0.000399835
119	0.000732958
120	8.97995e-05
121	0.000172364
122	0.000663633
123	0.00020958
124	0.000111821
125	7.58953e-05
126	0.000127289
127	0.000242768
128	0.000308152
129	0.000123522
130	0.000230079
131	0.000171215
132	0.000209049
133	0.000236231
134	0.0002201
135	0.00017101
136	0.000634546
137	0.000327323
138	7.25191e-05
139	0.000154619
140	0.000218439
141	0.000313494
142	0.000453318
143	0.000289968
144	0.000288461
145	8.88183e-05
146	0.000144574
147	0.000177205
148	0.000247104
149	0.000269354
150	0.000192959
151	0.00015254
152	0.000123864
153	6.20684e-05
154	7.86919e-05
155	0.000102412
156	0.00016522
157	0.000105312
158	0.000300694
159	0.000204408
160	6.93318e-05
161	0.000281176
162	0.000168367
163	0.000120859
164	7.38437e-05
165	0.00014965
166	0.00010807
167	0.000167575
168	0.000166884
169	0.000417048
170	0.000509657
171	0.000374695
172	0.000443064
173	0.000219376
174	0.000129307
175	0.00037426
176	0.000176833
177	0.000254933
178	0.000188975
179	0.000128018
180	0.000276293
181	0.000235529
182	0.000114243
183	6.36243e-05
184	0.000266483
185	0.000297492
186	0.00046869
187	0.000229468
188	0.000513523
189	0.000142044
190	0.000102462
191	7.60805e-05
192	0.000171628
193	0.000155248
194	0.000263498
195	0.000214214
196	0.000187205
197	0.00024265
198	0.000256561
199	0.000499674
200	0.000594296
201	0.000127134
202	0.000102349
203	0.000604178
204	0.000295936
205	8.17009e-05
206	9.3886e-05
207	7.05926e-05
208	0.000109419
209	5.24765e-05
210	5.24765e-05
211	0.00033056
212	0.000215314
213	0.00044649
214	0.00033704
215	5.24765e-05
216	7.28477e-05
217	0.000153747
218	0.000214214
219	0.000184421
220	0.000109093
221	0.00012033
222	0.000160055
223	0.00029055
224	0.000317134
225	0.000232433
226	0.000267875
227	0.000336787
228	8.18493e-05
229	0.000113746
230	0.000253071
231	0.000266649
232	0.000282109
233	9.13221e-05
234	6.15176e-05
235	9.54407e-05
236	0.000412139
237	0.000140022
238	0.000264266
239	0.000628302
240	8.48932e-05
241	8.53254e-05
242	0.00031665
243	0.000191337
244	9.13221e-05
245	0.000147189
246	0.000180477
247	8.41103e-05
248	0.000249756
249	0.000321266
250	9.00572e-05
251	0.000218015
252	0.000673543
253	0.000108866
254	0.000239834
255	8.53254e-05
256	9.13221e-05
257	0.000225236
258	0.000192666
259	0.000233254
260	0.000158609
261	0.000414558
262	0.000109093
263	0.000172444
264	0.00015329
265	0.000301668
266	0.000251771
267	7.25309e-05
268	0.000145545
269	0.000135667
270	9.47407e-05
271	0.000750047
272	0.000504277
273	0.000214214
274	0.000184521
275	0.000235529
276	0.000213897
277	0.000721693
278	0.000234601
279	7.0182e-05
280	0.000485684
281	0.000240414
282	9.13221e-05
283	0.000106291
284	0.000242105
285	0.000513168
286	8.28092e-05
287	5.24765e-05
288	8.05779e-05
289	0.000106848
290	0.000174394
291	0.000410064
292	5.24765e-05
293	0.000100048
294	7.89964e-05
295	0.000141085
296	0.000172444
297	0.000276668
298	0.000145437
299	0.000279648
300	0.000123597
301	9.73123e-05
302	0.000272705
303	0.000252253
304	0.000578907
305	6.91055e-05
306	0.000214214
307	0.000114643
308	0.000277286
309	0.00017101
310	0.000272448
311	0.000114122
312	0.000507341
313	0.000411184
314	0.000173036
315	0.000605947
316	6.57108e-05
317	0.000118963
318	0.000147402
319	0.000225239
320	0.000307026
321	9.18612e-05
322	0.000790007
323	0.000431296
324	0.000330085
325	0.000413517
326	0.000353976
327	0.000125793
328	0.000214214
329	0.000398794
330	0.000226959
331	0.000241787
332	0.000477951
333	0.000169911
334	0.000319275
335	5.24765e-05
336	7.44577e-05
337	0.000202832
338	0.000112749
339	0.000353776
340	0.000106254
341	0.000155287
342	0.000367172
343	0.000343218
344	0.000132732
345	0.000199046
346	0.000362722
347	0.000124289
348	0.00233115
349	8.37324e-05
350	0.000216523
351	0.000127962
352	0.000174398
353	0.00061299
354	0.000222253
355	0.000309583
356	8.79193e-05
357	0.000198187
358	4.58054e-05
359	0.000239624
360	0.000309856
361	0.000219017
362	0.000166975
363	0.000599017
364	0.000203712
365	7.50073e-05
366	0.000585897
367	0.000254156
368	0.000244133
369	0.000264221
370	0.000475953
371	7.10916e-05
372	0.00017283
373	0.000640465
374	0.000445165
375	0.000135571
376	0.000900303
377	6.89651e-05
378	0.000405822
379	6.59479e-05
380	0.000139014
381	0.000143695
382	0.000124891
383	8.16929e-05
384	9.38918e-05
385	8.45744e-05
386	9.71808e-05
387	0.000277711
388	0.000262268
389	0.000394409
390	7.83761e-05
391	0.000405759
392	0.000261743
393	0.000161366
394	0.000253081
395	0.000513199
396	0.000233064
397	0.000384529
398	0.000231632
399	0.000181799
400	0.000465174
401	7.33811e-05
402	0.000386545
403	0.000177499
404	0.000338426
405	0.00012132
406	9.07134e-05
407	0.000161772
408	0.000361924
409	0.00023764
410	0.000145083
411	9.06391e-05
412	0.000669118
413	0.00015597
414	0.00179221
415	0.000203748
416	0.00016546
417	0.000397902
418	0.00019015
419	0.000414715
420	0.000237358
421	0.000201299
422	0.00051662
423	0.000389348
424	0.00019426
425	0.000169263
426	0.000159469
427	0.000130066
428	0.000778476
429	0.000124174
430	0.000262702
431	0.000466077
432	0.00038567
433	0.000123928
434	0.000257488
435	0.000120485
436	0.000417722
437	0.00021354
438	0.000463226
439	0.00029987
440	0.000125662
441	0.000181799
442	0.000115443
443	7.02988e-05
444	0.000325891
445	0.000205834
446	0.000149181
447	4.58054e-05
448	5.96039e-05
449	0.000114158
450	0.000191882
451	0.000186775
452	0.000307629
453	0.00014374
454	8.73779e-05
455	0.000322867
456	0.000399572
457	0.000219826
458	0.000210657
459	0.000127164
460	0.000465454
461	0.00035991
462	0.00017685
463	0.000329005
464	0.000113616
465	0.000505187
466	0.000115201
467	0.000106934
468	7.02988e-05
469	0.000218275
470	0.000159886
471	0.000221676
472	9.63042e-05
473	0.000234564
474	0.000182209
475	0.000784239
476	0.000141629
477	0.000142486
478	0.000107921
479	0.000255209
480	0.000103344
481	0.000238159
482	0.000236437
483	0.00129734
484	0.000618545
485	7.92981e-05
486	0.000185179
487	0.000230612
488	0.000201152
489	0.000208372
490	0.000129388
491	0.000113911
492	0.000417033
493	0.000368251
494	0.000172336
495	0.000177196
496	0.000287806
497	0.000542433
498	0.000140167
499	8.41525e-05
500	0.000548439
501	0.000181799
502	0.000112808
503	0.000374889
504	0.000374576
505	0.000155185
506	0.000475058
507	0.000433036
508	0.000158615
509	0.000176061
510	0.00022745
511	0.00020951
512	0.000206936
513	0.000583834
514	0.000418497
515	0.000403301
516	0.000219195
517	0.000635084
518	0.000212529
519	0.000211252
520	0.000339559
521	0.000129642
522	0.000132599
523	0.000306791
524	0.000415446
525	0.000442753
526	0.000464948
527	0.000303548
528	0.000135496
529	0.000113596
530	7.03942e-05
531	0.000346415
532	0.000236245
533	9.51033e-05
534	0.000107122
535	0.000116197
536	0.000168699
537	0.000267588
538	0.000531142
539	0.000210367
540	9.53663e-05
541	0.000110045
542	0.00038959
543	0.000197607
544	0.000443475
545	0.000315318
546	0.000248523
547	0.000266192
548	0.000248385
549	0.00011032
550	4.58054e-05
551	0.000194322
552	9.38918e-05
553	0.000572515
554	0.000201953
555	0.000301142
556	0.000345851
557	0.000280285
558	0.000170183
559	0.000520517
560	0.000219422
561	0.00051619
562	7.76571e-05
563	0.000736977
564	0.000207984
565	0.000157644
566	0.000522924
567	0.000481403
568	0.000137078
569	0.000130832
570	0.000263609
571	5.91794e-05
572	0.000106934
573	0.000347129
574	0.000145084
575	0.000150524
576	0.000170659
577	0.000247519
578	0.00026791
579	0.000419299
580	0.000517527
581	8.13009e-05
582	0.000237673
583	0.000278727
584	0.00019022
585	4.67303e-05
586	9.06079e-05
587	0.00010922
588	0.000170196
589	0.000235824
590	0.000151882
591	0.000312884
592	0.000441975
593	7.75974e-05
594	0.000200907
595	0.000218336
596	0.000363687
597	0.000241642
598	0.000185611
599	0.000258499
600	0.000268891
601	0.000192548
602	4.67303e-05
603	0.000206887
604	0.000252164
605	0.000205423
606	0.000540118
607	4.67303e-05
608	4.67303e-05
609	0.00030145
610	7.01753e-05
611	0.000187781
612	0.000177902
613	4.67303e-05
614	0.000224177
615	0.000269055
616	0.000242279
617	0.000286603
618	0.00026965
619	0.000282073
620	0.000205522
621	0.000110134
622	0.000169428
623	0.000199158
624	4.67303e-05
625	0.000239102
626	0.000171037
627	0.00026791
628	0.000152382
629	0.000105384
630	0.000410415
631	0.000149231
632	0.000248853
633	0.00017743
634	0.00014999
635	0.000243794
636	0.000270578
637	0.000666792
638	4.67303e-05
639	0.000137115
640	0.000257923
641	0.0003967
642	8.13009e-05
643	0.000268891
644	0.000264383
645	0.000227849
646	0.000128035
647	0.000218583
648	5.64964e-05
649	8.4467e-05
650	0.000248696
651	0.000456123
652	6.45334e-05
653	0.000295268
654	0.000345724
655	9.21267e-05
656	5.72762e-05
657	0.00010848
658	0.00026791
659	0.00026791
660	6.83859e-05
661	0.000268891
662	0.000268328
663	0.000125493
664	0.000198406
665	0.000210357
666	0.000196645
667	7.38486e-05
668	4.67303e-05
669	0.000238882
670	0.00025751
671	7.02858e-05
672	0.000110149
673	6.45334e-05
674	4.67303e-05
675	0.000258236
676	0.000143374
677	0.000245606
678	0.000285869
679	0.000104065
680	0.000289134
681	0.00025906
682	0.000169814
683	0.000234415
684	0.000229123
685	0.000195797
686	0.0022171
687	0.000298773
688	0.000461145
689	0.0001546
690	0.000119052
691	0.000122448
692	4.82253e-05
693	0.000165212
694	0.000542951
695	0.000410017
696	0.000314198
697	0.000541226
698	0.00130266
699	6.35127e-05
700	0.000103089
701	0.000228153
702	0.000156171
703	0.000448438
704	8.99413e-05
705	0.000684062
706	0.000194066
707	0.00018192
708	0.000333356
709	0.000193888
710	0.000111254
711	0.00022049
712	0.000227235
713	0.000751228
714	0.000248003
715	0.000125711
716	0.000154351
717	0.000118045
718	0.000315906
719	0.000639117
720	0.000226952
721	9.0636e-05
722	0.000168843
723	0.000148925
724	0.000477096
725	0.000153912
726	0.000361015
727	0.000289657
728	0.000394093
729	0.000236192
730	0.000181073
731	0.000266283
732	0.000255751
733	0.000133765
734	0.000268195
735	9.06517e-05
736	0.00023261
737	0.000181638
738	0.000271011
739	0.000323806
740	0.000132287
741	0.000196493
742	0.000189343
743	7.79878e-05
744	5.86659e-05
745	0.000580979
746	0.000162533
747	0.000592163
748	0.00021913
749	7.3831e-05
750	5.83371e-05
751	0.000145483
752	0.000374477
753	0.000196762
754	0.000309494
755	0.000218598
756	0.000129794
757	0.000120462
758	0.000226572
759	0.000130805
760	0.000303763
761	0.000111821
762	0.000154826
763	0.000178645
764	0.000296394
765	0.000169336
766	0.000356661
767	0.000153567
768	0.000230381
769	0.000222811
770	0.000321506
771	0.000254063
772	0.000211167
773	0.000360904
774	0.000394879
775	7.3831e-05
776	0.000236208
777	0.000207788
778	0.000185062
779	0.000203215
780	0.000343404
781	0.000512428
782	0.000221129
783	0.000206031
784	0.000417741
785	7.30341e-05
786	0.000150321
787	0.000313707
788	9.31649e-05
789	0.000227987
790	8.62528e-05
791	0.000138392
792	0.000252828
793	0.000234349
794	0.000167054
795	0.000215961
796	0.00013457
797	0.000287418
798	0.000161074
799	0.000160514
800	0.000400894
801	4.82253e-05
802	0.000107359
803	0.000249734
804	0.000267833
805	0.00065808
806	0.000268213
807	0.000224211
808	0.000125043
809	0.00020741
810	0.000332233
811	0.00014745
812	0.00011097
813	0.00014946
814	0.000275884
815	0.000391871
816	0.000159969
817	0.00026542
818	0.000261291
819	0.00039484
820	0.00038905
821	0.000119877
822	0.000258229
823	0.000558545
824	0.000567833
825	0.000140749
826	0.000139091
827	0.000448522
828	0.000792255
829	0.000374238
830	0.000550171
831	0.000178761
832	8.7863e-05
833	0.000269404
834	0.00041874
835	0.000223143
836	0.000152426
837	0.000160981
838	0.000238321
839	0.000261014
840	0.000294012
841	6.22729e-05
842	0.000376551
843	0.000156724
844	0.00016381
845	0.000247041
846	0.000105283
847	0.000280597
848	0.000258149
849	0.000323579
850	0.000159485
851	7.49327e-05
852	0.000118045
853	0.000436273
854	6.65515e-05
855	0.000118045
856	0.000528135
857	0.000204133
858	0.000154487
859	7.77774e-05
860	6.02683e-05
861	0.000189611
862	0.000295914
863	0.000211332
864	0.000134831
865	9.9621e-05
866	0.000159255
867	0.000223655
868	9.9621e-05
869	0.000125805
870	0.0002097
871	0.000197438
872	0.000197039
873	0.000172103
874	0.000197039
875	5.3465e-05
876	0.000211332
877	0.000124045
878	0.000194006
879	0.000183999
880	0.000116269
881	0.000208756
882	0.000161163
883	5.3465e-05
884	0.000120597
885	0.000256345
886	0.000165689
887	0.000172103
888	0.000176204
889	0.000244533
890	0.000126814
891	5.3465e-05
892	5.3465e-05
893	0.00011363
894	0.000132399
895	0.000182129
896	0.00058392
897	0.000247147
898	0.000206978
899	6.81286e-05
900	0.000125349
901	0.000272095
902	0.000225274
903	0.000270198
904	8.57974e-05
905	0.000134878
906	0.000248395
907	8.62199e-05
908	0.000286625
909	0.000172975
910	9.7649e-05
911	4.27588e-05
912	0.000126499
913	0.000256554
914	0.000124259
915	0.000228119
916	0.000426301
917	0.000730638
918	4.27588e-05
919	0.00016834
920	9.97609e-05
921	0.00032613
922	0.000148456
923	0.00010183
924	0.000315483
925	0.000489597
926	0.000102749
927	0.0002501
928	0.000113663
929	8.64657e-05
930	0.000326552
931	0.000136663
932	0.000218689
933	0.00015806
934	0.00025101
935	7.48363e-05
936	0.000237518
937	9.58495e-05
938	0.000234562
939	0.000167056
940	0.000139962
941	0.000286231
942	0.000327553
943	0.000119792
944	0.000262512
945	5.7824e-05
946	0.000485877
947	0.000350118
948	0.00024555
949	0.000179017
950	0.000114645
951	0.000166674
952	0.000250714
953	0.000338207
954	0.000283591
955	0.000159751
956	0.000153693
957	0.000309201
958	0.000200869
959	0.000165883
960	0.000323102
961	0.000142324
962	0.000196958
963	0.000262842
964	0.000207499
965	0.000133597
966	0.000333032
967	0.000339963
968	0.000243037
969	0.000181475
970	0.000155217
971	0.000195571
972	9.73146e-05
973	0.00014448
974	0.000117921
975	0.000260243
976	0.000168101
977	0.000204779
978	0.000327487
979	0.000157408
980	0.00039484
981	0.00023019
982	0.000241042
983	0.000202113
984	0.000221237
985	9.28284e-05
986	0.000107243
987	9.11105e-05
988	0.000205849
989	0.000182828
990	0.000267123
991	0.000161313
992	0.000248755
993	0.000445913
994	0.000165359
995	0.000261366
996	7.10292e-05
997	0.000294537
998	7.87025e-05
999	0.000238223
1000	0.000175992
1001	0.000238877
1002	0.000113638
1003	0.000303809
1004	0.000349502
1005	0.000127593
1006	0.000417673
1007	0.00011542
1008	9.39859e-05
1009	0.000277985
1010	0.000271961
1011	0.000235111
1012	0.00019732
1013	0.000122443
1014	0.000476022
1015	0.000186106
1016	0.000146084
1017	0.000434634
1018	0.000259549
1019	0.000280597
1020	0.000292371
1021	0.000291671
1022	5.9212e-05
1023	0.000109469
1024	0.000281924
1025	0.000196702
1026	0.000263693
1027	8.87257e-05
1028	0.00021419
1029	0.000312111
1030	0.000173695
1031	6.64633e-05
1032	0.00039506
1033	0.000172299
1034	5.65747e-05
1035	0.000194347
1036	0.000277018
1037	0.000261635
1038	6.97084e-05
1039	0.000109941
1040	0.000218678
1041	0.000342424
1042	0.000127041
1043	0.000179565
1044	0.000153639
1045	0.000164294
1046	8.9797e-05
1047	0.000222689
1048	0.000333766
1049	0.000270334
1050	0.000127991
1051	0.000304552
1052	0.000404948
1053	0.000115545
1054	0.000192822
1055	0.000141694
1056	0.000223754
1057	8.98687e-05
1058	8.52563e-05
1059	0.000475062
1060	0.000250537
1061	0.000122151
1062	0.000178936
1063	9.97134e-05
1064	0.000237369
1065	5.12619e-05
1066	0.000340397
1067	0.000355259
1068	0.000177688
1069	9.83436e-05
1070	0.000512409
1071	8.07959e-05
1072	0.000200763
1073	0.000111812
1074	0.000224939
1075	0.000264793
1076	0.000406522
1077	0.000140356
1078	0.000512924
1079	0.000355073
1080	0.000356976
1081	0.000169332
1082	0.000273147
1083	0.000318866
1084	8.61245e-05
1085	0.000594383
1086	0.00066414
1087	0.000104937
1088	0.000153842
1089	0.000138606
1090	0.000131159
1091	0.000112252
1092	0.0001789
1093	9.34693e-05
1094	0.00011246
1095	0.000165738
1096	4.27588e-05
1097	0.000288497
1098	0.000230325
1099	0.000285802
1100	0.000304149
1101	0.000362007
1102	0.000262367
1103	8.10147e-05
1104	0.000504645
1105	0.000113638
1106	0.000214848
1107	0.000404194
1108	0.000226225
1109	0.000273624
1110	0.000267056
1111	0.000143871
1112	0.000184276
1113	0.000294563
1114	0.000253599
1115	0.000185577
1116	0.00011829
1117	0.000361036
1118	0.0002794
1119	4.27588e-05
1120	0.00025294
1121	0.000182973
1122	0.000305125
1123	0.000250462
1124	0.000408433
1125	0.000340801
1126	0.000572072
1127	0.000199549
1128	0.000322989
1129	0.000288345
1130	0.000218896
1131	0.000241168
1132	0.000405833
1133	8.39166e-05
1134	0.000126773
1135	0.000236665
1136	0.000308494
1137	0.000238041
1138	0.000207829
1139	0.000185354
1140	0.000100152
1141	0.000153072
1142	0.000217818
1143	0.000100977
1144	0.000212996
1145	4.27588e-05
1146	0.000435436
1147	6.35503e-05
1148	0.000313756
1149	0.000309298
1150	0.00012782
1151	6.70467e-05
1152	0.000125375
1153	0.000398196
1154	0.000106879
1155	0.000271751
1156	0.000298683
1157	7.40142e-05
1158	0.000315364
1159	0.000383013
1160	0.000279599
1161	0.000151574
1162	9.72393e-05
1163	0.000296866
1164	0.000111873
1165	0.000235172
1166	0.000306256
1167	0.000202837
1168	8.12016e-05
1169	0.000157313
1170	0.000225861
1171	0.000239947
1172	0.000333442
1173	0.0003948
1174	0.000190096
1175	0.000399125
1176	4.70515e-05
1177	0.000203713
1178	0.000138528
1179	0.000282097
1180	0.000159053
1181	0.000264875
1182	0.000231461
1183	0.000233946
1184	0.000451085
1185	0.00044121
1186	0.000152617
1187	0.000187946
1188	0.000230461
1189	0.000274011
1190	0.000198349
1191	0.000331723
1192	0.000446333
1193	0.000127445
1194	0.000101377
1195	0.000176268
1196	0.000125153
1197	0.00018353
1198	0.000248106
1199	0.000611592
1200	7.29242e-05
1201	0.000192576
1202	0.000159948
1203	0.000106863
1204	0.000495805
1205	0.000309214
1206	4.27588e-05
1207	0.000229948
1208	9.11753e-05
1209	0.000242479
1210	0.000265389
1211	0.000494601
1212	0.000219779
1213	0.000171631
1214	0.000367461
1215	0.000237432
1216	0.000284486
1217	0.000287109
1218	0.000165878
1219	0.000183909
1220	7.58753e-05
1221	0.000373334
1222	0.000436264
1223	0.000158258
1224	6.70912e-05
1225	0.00022152
1226	0.00024802
1227	0.000391146
1228	0.000187352
1229	0.000236849
1230	0.000366453
1231	0.000350508
1232	0.000236384
1233	4.94853e-05
1234	0.000141806
1235	0.000497952
1236	0.000318359
1237	0.000352489
1238	0.000453889
1239	6.46538e-05
1240	0.000142543
1241	0.000140545
1242	0.000282569
1243	0.000340074
1244	0.000113873
1245	0.000211888
1246	0.00023545
1247	0.000160184
1248	9.43826e-05
1249	0.000133232
1250	0.000397013
1251	0.000133499
1252	7.21044e-05
1253	8.07959e-05
1254	0.000111688
1255	0.000374446
1256	0.000397441
1257	0.000265256
1258	0.000276286
1259	0.000341154
1260	0.000264304
1261	0.000341657
1262	4.53232e-05
1263	6.6585e-05
1264	8.36295e-05
1265	0.000128428
1266	0.000142215
1267	0.000343468
1268	0.000125433
1269	0.000369573
1270	5.61683e-05
1271	0.000290233
1272	0.000277523
1273	0.00033822
1274	0.000226217
1275	0.000377859
1276	4.53472e-05
1277	0.000574648
1278	0.000142925
1279	0.000218209
1280	0.000251509
1281	0.000218332
1282	0.000339035
1283	0.000247659
1284	0.000291337
1285	0.000185224
1286	0.000136177
1287	0.00020479
1288	0.000278809
1289	0.000254587
1290	0.000272664
1291	0.000330382
1292	0.000265989
1293	0.0001607
1294	0.000158858
1295	8.22897e-05
1296	0.000184965
1297	9.95782e-05
1298	0.000330964
1299	0.000224336
1300	0.000204786
1301	8.04219e-05
1302	0.000311975
1303	0.000251073
1304	0.000301135
1305	0.000337617
1306	0.00019358
1307	0.000290527
1308	0.000172185
1309	0.000223792
1310	0.000198339
1311	0.00018347
1312	0.000269995
1313	0.00022007
1314	0.000213193
1315	0.0002199
1316	0.00017679
1317	0.000217682
1318	0.000257001
1319	0.000221214
1320	0.000385198
1321	0.000165165
1322	0.000422251
1323	0.000243576
1324	0.0002175
1325	0.000183027
1326	5.78831e-05
1327	0.000256953
1328	0.00020614
1329	0.000408846
1330	0.000367992
1331	0.000424362
1332	0.000271678
1333	0.000264117
1334	0.000360654
1335	0.000368517
1336	0.000179233
1337	0.0002732
1338	0.000440055
1339	0.000302726
1340	0.000202041
1341	0.000358249
1342	0.000100908
1343	0.000258301
1344	0.000281586
1345	0.00044718
1346	6.38881e-05
1347	0.000362622
1348	0.000268314
1349	0.000272231
1350	0.000177185
1351	0.000210798
1352	0.000676005
1353	6.62942e-05
1354	7.11022e-05
1355	0.000260374
1356	0.000185544
1357	0.000226057
1358	0.000457951
1359	0.000266686
1360	0.00033986
1361	0.000424783
1362	5.52432e-05
1363	0.000180332
1364	0.000100466
1365	0.000146071
1366	0.000426411
1367	0.000479271
1368	0.000159751
1369	0.000275269
1370	0.000329432
1371	0.000286212
1372	8.70855e-05
1373	0.000380031
1374	0.000264926
1375	0.000232995
1376	0.000523628
1377	0.000557353
1378	0.000257292
1379	0.000246556
1380	0.000255715
1381	0.00014802
1382	0.000217201
1383	6.71077e-05
1384	0.000136957
1385	0.00012966
1386	4.27588e-05
1387	0.000128324
1388	0.000260795
1389	0.000161373
1390	0.000546581
1391	0.000500586
1392	0.000190153
1393	0.00020609
1394	6.00911e-05
1395	4.81013e-05
1396	0.000276819
1397	0.000118846
1398	0.000161269
1399	0.000508812
1400	0.000156368
1401	7.73395e-05
1402	0.000230679
1403	0.000146084
1404	0.000241243
1405	0.000275004
1406	0.000183688
1407	0.000148493
1408	0.000224953
1409	0.000339432
1410	0.000209985
1411	7.86003e-05
1412	0.000164083
1413	0.000288402
1414	7.11972e-05
1415	0.000233245
1416	0.000328246
1417	5.71097e-05
1418	0.000153576
1419	0.000192746
1420	0.000444852
1421	0.000230956
1422	0.000116819
1423	0.000290835
1424	0.000177937
1425	0.000244642
1426	0.00030517
1427	0.000385131
1428	0.000221942
1429	0.000222742
1430	4.93288e-05
1431	0.000664099
1432	0.000266603
1433	0.000223426
1434	0.000137871
1435	0.000273443
1436	0.000199625
1437	0.000217516
1438	0.000176861
1439	9.21776e-05
1440	0.00016589
1441	0.000158136
1442	7.93107e-05
1443	0.000100652
1444	0.000212598
1445	0.000105751
1446	0.000232491
1447	0.000430614
1448	0.00025708
1449	0.000290617
1450	0.000203369
1451	0.00017016
1452	0.000273058
1453	0.000211923
1454	0.000265803
1455	7.00784e-05
1456	0.000384038
1457	0.000199777
1458	0.000147498
1459	0.000471828
1460	0.000182035
1461	8.95175e-05
1462	0.000388427
1463	6.81101e-05
1464	0.000179556
1465	0.00035791
1466	4.27588e-05
1467	0.000381944
1468	0.000251216
1469	0.000421492
1470	0.000244508
1471	0.000507614
1472	0.000590011
1473	0.000340078
1474	7.29788e-05
1475	0.000343496
1476	7.41286e-05
1477	0.000104613
1478	0.000159653
1479	0.00038993
1480	0.00031464
1481	0.00013159
1482	0.000337075
1483	0.000304288
1484	0.000104762
1485	0.000173845
1486	9.20466e-05
1487	0.000354205
1488	0.000395721
1489	0.00013876
1490	8.692e-05
1491	0.000359847
1492	0.000117313
1493	0.000214522
1494	0.000254193
1495	0.000331877
1496	0.000328461
1497	0.000191146
1498	6.54967e-05
1499	0.000188449
1500	0.000209525
1501	0.000110777
1502	0.000354662
1503	0.000171799
1504	0.000383544
1505	0.000527436
1506	7.97194e-05
1507	0.00026943
1508	0.000179773
1509	0.00039618
1510	6.1462e-05
1511	0.000275882
1512	0.000225169
1513	0.000205662
1514	0.000225547
1515	0.000343057
1516	0.000445134
1517	0.000134865
1518	0.000131118
1519	0.000154344
1520	0.000358842
1521	6.87792e-05
1522	0.000451346
1523	0.000260447
1524	0.000144998
1525	0.00036036
1526	0.000157632
1527	0.000103855
1528	0.000245157
1529	0.000289861
1530	0.000302905
1531	0.000182828
1532	0.000140882
1533	0.000277902
1534	0.000282836
1535	0.000217755
1536	0.000538977
1537	0.000163865
1538	0.000231575
1539	0.000244264
1540	0.00031056
1541	0.000239867
1542	0.000182479
1543	0.000222695
1544	0.000142505
1545	0.000313084
1546	6.85321e-05
1547	0.000349148
1548	0.000306617
1549	0.000344758
1550	0.000194308
1551	0.000489009
1552	9.48856e-05
1553	0.000236926
1554	0.000464348
1555	0.000322379
1556	0.000106952
1557	0.000440549
1558	5.06526e-05
1559	0.000533629
1560	4.27588e-05
1561	0.000182981
1562	0.000127864
1563	0.00034022
1564	0.000157968
1565	0.000277592
1566	0.000174873
1567	0.000299097
1568	0.000234632
1569	0.000300573
1570	0.000375833
1571	0.000215982
1572	0.000153565
1573	0.00041731
1574	0.000420405
1575	0.000140803
1576	0.000312953
1577	0.000531807
1578	0.000187536
1579	7.24462e-05
1580	0.000257272
1581	4.27588e-05
1582	0.000218827
1583	0.000447463
1584	0.000640178
1585	0.00018423
1586	8.9797e-05
1587	0.0002556
1588	0.000221142
1589	0.000576322
1590	0.000312189
1591	0.000480137
1592	0.000140733
1593	0.000296515
1594	0.000120876
1595	0.000204238
1596	0.000360173
1597	0.000332783
1598	0.000407248
1599	0.000115803
1600	0.000351478
1601	0.000257341
1602	0.000103149
1603	0.000413472
1604	0.000450878
1605	0.000275675
1606	0.000202114
1607	9.63407e-05
1608	0.000347199
1609	0.000286736
1610	0.000506249
1611	0.000340407
1612	0.000539106
1613	0.000517232
1614	0.000231649
1615	0.000229673
1616	0.000312007
1617	0.000345288
1618	0.000126023
1619	0.000336052
1620	0.000429091
1621	0.000546111
1622	0.00050851
1623	0.000296057
1624	0.000259018
1625	0.000175947
1626	0.00021565
1627	8.87257e-05
1628	0.000385043
1629	0.000187376
1630	0.000421652
1631	8.71782e-05
1632	0.000245456
1633	0.000174658
1634	0.000277827
1635	0.000181442
1636	0.000358174
1637	0.000318817
1638	0.000183738
1639	0.000265561
1640	0.00010247
1641	0.000145307
1642	0.000275452
1643	0.000295781
1644	0.000229442
1645	0.000343564
1646	0.000123433
1647	0.000246052
1648	0.000207793
1649	0.000197567
1650	0.000172214
1651	5.11511e-05
1652	0.0002486
1653	0.000228348
1654	9.04764e-05
1655	0.000270944
1656	0.000287607
1657	9.7649e-05
1658	0.000127549
1659	0.000254041
1660	0.000185438
1661	0.000389853
1662	0.000416289
1663	0.000671726
1664	9.3394e-05
1665	0.000367319
1666	0.000315259
1667	0.000224926
1668	0.000353856
1669	0.000396964
1670	0.000101724
1671	0.000232477
1672	0.000206807
1673	0.000257191
1674	0.000184643
1675	0.000371762
1676	0.000177277
1677	0.000230029
1678	0.000144483
1679	0.000184097
1680	0.000300668
1681	0.000189264
1682	0.000194508
1683	0.000383467
1684	0.00633091
1685	0.00029061
1686	0.000239953
1687	0.000389242
1688	0.000337075
1689	0.000360701
1690	4.83557e-05
1691	0.000286702
1692	0.000313712
1693	8.02544e-05
1694	0.00024752
1695	0.000203098
1696	0.000119864
1697	8.12269e-05
1698	0.000177948
1699	0.000274101
1700	9.01221e-05
1701	0.000103167
1702	0.000261547
1703	0.000479688
1704	0.000162657
1705	0.000260047
1706	0.000231201
1707	0.000518984
1708	0.000117067
1709	0.0004217
1710	8.48594e-05
1711	7.88654e-05
1712	0.000310707
1713	6.65459e-05
1714	0.000521276
1715	0.000306314
1716	0.000289398
1717	0.000405974
1718	0.000526601
1719	0.00018789
1720	0.000252184
1721	0.000336465
1722	0.000214789
1723	0.000165698
1724	0.000205742
1725	0.000378076
1726	0.000193909
1727	0.000212584
1728	0.000171181
1729	0.000400653
1730	0.000668298
1731	9.60042e-05
1732	0.000250354
1733	0.000299932
1734	0.000174236
1735	0.000324403
1736	0.00044324
1737	0.000240906
1738	0.000181774
1739	0.000139849
1740	0.000235648
1741	0.000316578
1742	0.000386128
1743	0.000205587
1744	0.000240449
1745	0.000146516
1746	0.00057074
1747	0.000188318
1748	0.000120588
1749	0.000136024
1750	0.000370034
1751	0.000259449
1752	0.000335807
1753	0.000256597
1754	0.000195913
1755	4.69194e-05
1756	0.000139724
1757	0.000378257
1758	0.000245727
1759	8.5342e-05
1760	7.11068e-05
1761	0.000415647
1762	6.53038e-05
1763	0.000210511
1764	0.000141892
1765	0.000236777
1766	0.000256091
1767	0.000236515
1768	0.000622234
1769	0.000115098
1770	0.000331947
1771	9.5347e-05
1772	0.000202654
1773	0.000164494
1774	0.000173843
1775	6.20687e-05
1776	9.7649e-05
1777	6.98475e-05
1778	0.000254982
1779	0.000172778
1780	0.000131665
1781	0.000188768
1782	0.000228325
1783	0.000654836
1784	0.000153618
1785	0.000240713
1786	0.000463311
1787	0.00029819
1788	0.000154094
1789	0.000306236
1790	0.000223414
1791	0.000399958
1792	8.20579e-05
1793	0.000413331
1794	0.000341258
1795	0.000268654
1796	0.000219482
1797	7.4869e-05
1798	0.000273212
1799	0.000433947
1800	0.000705919
1801	0.000165027
1802	0.000118357
1803	0.000239518
1804	0.000550771
1805	0.000122867
1806	0.000291341
1807	0.000312216
1808	0.000159417
1809	0.000336134
1810	0.000301873
1811	0.000209824
1812	0.000226342
1813	0.00048469
1814	0.00011159
1815	0.000184946
1816	0.000373136
1817	0.000113978
1818	0.000182918
1819	0.000279848
1820	0.000337108
1821	0.000108306
1822	0.000134826
1823	0.000370548
1824	0.000291732
1825	0.000272566
1826	0.000299882
1827	0.000591734
1828	0.000304908
1829	0.000145036
1830	0.000119256
1831	0.00033342
1832	0.000161384
1833	0.000537338
1834	4.27588e-05
1835	0.000550478
1836	0.000118198
1837	0.000302871
1838	0.000103682
1839	0.000473212
1840	0.00012972
1841	0.000241018
1842	0.000350984
1843	0.000153301
1844	0.000415486
1845	0.00033148
1846	0.000172462
1847	0.000220653
1848	0.000194909
1849	0.000341739
1850	0.000183791
1851	0.000180152
1852	0.000145401
1853	0.000101703
1854	5.54848e-05
1855	7.41202e-05
1856	5.64573e-05
1857	0.000343191
1858	0.000207341
1859	0.000228865
1860	0.000157732
1861	0.000334393
1862	0.000267004
1863	0.000226547
1864	0.00032628
1865	8.27069e-05
1866	0.000284198
1867	0.000372016
1868	0.000358161
1869	0.000129711
1870	0.000158021
1871	0.000401623
1872	0.000253013
1873	0.000204974
1874	7.50952e-05
1875	0.000157881
1876	0.000383103
1877	0.000209705
1878	0.000226892
1879	0.000423667
1880	0.000258339
1881	0.000297892
1882	0.000312174
1883	0.000120812
1884	0.000169393
1885	0.000160225
1886	0.00032121
1887	8.47316e-05
1888	0.000719818
1889	0.000217303
1890	0.000146319
1891	0.00023369
1892	0.000117854
1893	0.000403375
1894	0.000323731
1895	0.000293319
1896	0.000134314
1897	0.000225197
1898	0.00030383
1899	0.000375273
1900	0.000115082
1901	0.00012596
1902	0.00038154
1903	0.000205124
1904	0.00022507
1905	0.000122208
1906	0.000170936
1907	0.000166819
1908	0.000112697
1909	0.000257653
1910	0.00025471
1911	0.000236555
1912	0.00384184
1913	0.000105179
1914	0.000249281
1915	0.000126462
1916	0.000261922
1917	0.000348945
1918	0.000299755
1919	0.000287483
1920	0.0003682
1921	0.000213323
1922	0.00015704
1923	0.000258513
1924	7.5359e-05
1925	0.000243406
1926	0.000462658
1927	0.000284736
1928	0.000138416
1929	0.000281459
1930	0.000122054
1931	0.000210753
1932	0.000290878
1933	0.000121742
1934	0.000126883
1935	0.000261899
1936	0.000206368
1937	7.36608e-05
1938	0.000347008
1939	0.000261821
1940	0.000288809
1941	0.000536708
1942	0.000126281
1943	0.000355527
1944	0.000164773
1945	0.000442486
1946	0.000349904
1947	0.000373872
1948	0.000328024
1949	9.72191e-05
1950	9.48515e-05
1951	0.000325776
1952	9.20242e-05
1953	0.000236434
1954	0.000330413
1955	0.000289556
1956	0.000149785
1957	0.000214947
1958	0.000191138
1959	0.00037046
1960	0.000358519
1961	0.000112445
1962	0.000343263
1963	0.000178195
1964	0.000536803
1965	0.000159891
1966	0.000332635
1967	4.83644e-05
1968	0.000189294
1969	4.97746e-05
1970	0.000264326
1971	0.000326283
1972	0.000345838
1973	0.000320516
1974	8.57158e-05
1975	0.000301906
1976	0.000213356
1977	9.07468e-05
1978	0.000145905
1979	0.000326449
1980	0.000300155
1981	0.000195509
1982	0.000117025
1983	0.000378758
1984	0.000332388
1985	0.000439995
1986	0.000290527
1987	0.000143024
1988	0.000212002
1989	0.00018086
1990	0.000185938
1991	0.000258856
1992	0.000161146
1993	0.000377914
1994	0.000206874
1995	0.0003231
1996	7.97974e-05
1997	0.000256381
1998	0.000281359
1999	0.000186585
2000	0.000184763
2001	0.000305113
2002	0.000272141
2003	0.000182582
2004	0.000261566
2005	0.000289374
2006	0.000274518
2007	0.000495181
2008	8.64309e-05
2009	0.000233432
2010	0.00026537
2011	0.000215008
2012	0.0001035
2013	7.79204e-05
2014	8.46229e-05
2015	8.43573e-05
2016	0.000116769
2017	0.000127688
2018	0.000284855
2019	9.0522e-05
2020	0.000294088
2021	9.04287e-05
2022	0.000260542
2023	0.000214872
2024	0.000273025
2025	0.000173049
2026	0.000283369
2027	0.000233014
2028	0.000327909
2029	0.000172071
2030	0.000343026
2031	0.000261863
2032	0.000448107
2033	0.000319242
2034	0.000146609
2035	0.000253373
2036	0.00013965
2037	0.000345401
2038	0.000430003
2039	0.000340746
2040	0.000293909
2041	0.000133631
2042	0.000301931
2043	0.0003217
2044	9.37334e-05
2045	0.000323679
2046	0.000236602
2047	0.000835993
2048	9.65324e-05
2049	0.000311994
2050	0.000140591
2051	0.000121002
2052	0.000325771
2053	0.000351272
2054	0.000494239
2055	0.000159092
2056	0.000251618
2057	0.000155414
2058	0.000176438
2059	0.000350986
2060	0.000223426
2061	0.000257199
2062	0.000248934
2063	0.00026947
2064	0.00034335
2065	0.000103926
2066	8.21832e-05
2067	0.00011725
2068	0.000433161
2069	0.000323767
2070	0.000132497
2071	0.000369282
2072	0.000398765
2073	0.000357595
2074	0.000299037
2075	0.00017613
2076	0.000174851
2077	0.000240895
2078	0.000374489
2079	4.14725e-05
2080	9.87314e-05
2081	0.00051986
2082	0.000167403
2083	0.000277508
2084	0.000285759
2085	0.000193192
2086	0.000259079
2087	0.00047786
2088	0.00036567
2089	0.000206998
2090	0.000345405
2091	0.000287568
2092	0.000141138
2093	0.000332408
2094	0.00013626
2095	0.000289309
2096	0.000104113
2097	0.00020876
2098	0.000228069
2099	0.000118738
2100	9.57164e-05
2101	0.000245319
2102	0.000413279
2103	0.000342887
2104	0.000331338
2105	0.000122536
2106	0.000103736
2107	0.000312751
2108	0.000302379
2109	0.000256054
2110	0.000164239
2111	0.000559713
2112	0.000300046
2113	0.000143692
2114	0.000147069
2115	0.000258753
2116	0.0003139
2117	0.000486696
2118	0.000344404
2119	0.000152155
2120	0.000226279
2121	0.000295763
2122	0.000273236
2123	0.000372032
2124	0.000312514
2125	0.000371829
2126	0.000457122
2127	0.000356303
2128	0.000310207
2129	0.000336813
2130	0.000116471
2131	0.000365078
2132	0.000305722
2133	0.000577965
2134	0.000270753
2135	0.000277405
2136	0.000158892
2137	0.00016256
2138	0.000419763
2139	0.000326704
2140	0.000315649
2141	0.000135959
2142	0.00043147
2143	0.000342624
2144	0.00025365
2145	0.000248709
2146	0.000221694
2147	0.000132101
2148	0.000283455
2149	0.0003972
2150	0.000356545
2151	0.000269436
2152	0.000189017
2153	0.000415295
2154	0.000299924
2155	0.000178357
2156	0.000270971
2157	0.000210244
2158	0.000107376
2159	0.000253839
2160	0.000230424
2161	0.000271846
2162	0.000142598
2163	0.000123581
2164	0.000189614
2165	0.000249331
2166	9.52229e-05
2167	0.000104397
2168	8.22809e-05
2169	0.000337436
2170	0.0001818
2171	0.000334279
2172	0.000356679
2173	0.000269302
2174	0.000386575
2175	7.18434e-05
2176	0.000422501
2177	7.22973e-05
2178	6.62215e-05
2179	0.000191611
2180	0.000347406
2181	0.000173336
2182	7.35721e-05
2183	0.000401928
2184	0.000344873
2185	9.43047e-05
2186	0.000116801
2187	0.000444345
2188	0.000356342
2189	0.000334739
2190	0.000309733
2191	0.000272539
2192	0.000220544
2193	0.000142263
2194	0.000334382
2195	4.14725e-05
2196	0.000334133
2197	0.000191564
2198	0.000190681
2199	0.000548668
2200	0.000320969
2201	0.000347072
2202	0.000256704
2203	0.000327151
2204	9.59975e-05
2205	9.18991e-05
2206	0.0003843
2207	0.000195762
2208	9.31307e-05
2209	0.000179639
2210	0.000203838
2211	0.000274062
2212	0.000264275
2213	0.000204831
2214	0.000185913
2215	0.000198053
2216	0.000254606
2217	0.000174914
2218	0.00037835
2219	6.08285e-05
2220	0.00035545
2221	0.000167147
2222	0.000190518
2223	0.000362035
2224	0.000393041
2225	0.000226768
2226	0.00022695
2227	9.68329e-05
2228	0.000270288
2229	0.00039154
2230	6.89275e-05
2231	0.000299704
2232	0.000291366
2233	0.000424639
2234	0.000107341
2235	0.00025661
2236	0.000317074
2237	0.000239581
2238	0.000142333
2239	0.000160375
2240	0.000369401
2241	0.000362643
2242	0.000195659
2243	0.000205843
2244	0.000365333
2245	0.000134622
2246	0.000303189
2247	0.000390282
2248	0.000169888
2249	0.000102731
2250	0.000350834
2251	0.000108056
2252	6.84592e-05
2253	0.000293539
2254	0.000290372
2255	0.000119358
2256	7.77611e-05
2257	0.00029126
2258	0.0001207
2259	0.000221267
2260	0.000185507
2261	0.000246605
2262	7.93638e-05
2263	0.000115821
2264	0.000245566
2265	0.0001008
2266	0.000458781
2267	0.000270662
2268	0.000445094
2269	4.14725e-05
2270	0.000101732
2271	0.000332989
2272	0.000153033
2273	0.00028728
2274	0.000141062
2275	0.000338791
2276	0.000288678
2277	0.000149475
2278	0.000330619
2279	0.000389552
2280	0.000208404
2281	0.000166755
2282	0.000475918
2283	0.000519192
2284	0.000292977
2285	0.000186895
2286	0.000211826
2287	0.000153463
2288	0.000101492
2289	0.000567134
2290	0.000335378
2291	0.00012367
2292	0.000433142
2293	0.000179128
2294	0.000383078
2295	0.000102356
2296	0.000189305
2297	0.00021027
2298	9.77289e-05
2299	0.000288948
2300	0.000261874
2301	0.000166681
2302	0.000386246
2303	0.000102063
2304	0.000234545
2305	8.52351e-05
2306	0.000220468
2307	0.000264671
2308	0.00029014
2309	0.000373437
2310	0.000122933
2311	0.000125268
2312	9.68505e-05
2313	0.000740447
2314	0.000174784
2315	0.000233354
2316	0.000119426
2317	0.000318841
2318	0.000197069
2319	0.000375774
2320	0.000169353
2321	0.000119616
2322	0.000290584
2323	0.000336066
2324	0.000372252
2325	0.000337105
2326	0.000330944
2327	0.000392783
2328	0.000511038
2329	0.000240491
2330	0.000168206
2331	0.00035016
2332	0.000318202
2333	0.000488731
2334	0.000275808
2335	0.000288921
2336	0.000453218
2337	0.000194308
2338	0.000328847
2339	0.000338714
2340	0.000362025
2341	0.000247529
2342	0.000264973
2343	0.000251577
2344	0.000381673
2345	0.00022868
2346	0.00019953
2347	0.000633564
2348	0.000284251
2349	0.000183032
2350	0.000104786
2351	0.000333997
2352	0.000309817
2353	0.000178629
2354	0.000326034
2355	0.000139093
2356	0.000315493
2357	0.000147373
2358	7.72051e-05
2359	0.000273983
2360	0.000133279
2361	0.000368214
2362	0.000137905
2363	0.000308812
2364	0.00033394
2365	0.000284154
2366	0.000196359
2367	0.000211116
2368	0.000269835
2369	0.000361364
2370	0.000293702
2371	0.000302091
2372	0.00032709
2373	0.000130416
2374	0.000309277
2375	9.77252e-05
2376	0.000338195
2377	0.000298097
2378	0.000260115
2379	0.000161912
2380	5.64185e-05
2381	0.000323708
2382	5.57902e-05
2383	8.58648e-05
2384	0.000580686
2385	0.000203513
2386	0.000262939
2387	0.000154767
2388	8.34712e-05
2389	0.000143593
2390	0.000179233
2391	0.00018362
2392	0.000190245
2393	0.00011615
2394	0.00030592
2395	0.000334423
2396	0.000238531
2397	0.000302559
2398	0.000345108
2399	0.000268632
2400	0.000103942
2401	0.000186963
2402	0.000150504
2403	0.000160544
2404	0.000322558
2405	0.0001909
2406	0.000210957
2407	0.000183382
2408	0.000285329
2409	0.000329603
2410	0.000386126
2411	0.000281022
2412	0.000295642
2413	9.98931e-05
2414	0.000337089
2415	0.000159352
2416	0.000189407
2417	0.000253692
2418	0.000226186
2419	0.000374788
2420	0.000250899
2421	0.000175365
2422	8.77697e-05
2423	0.000305983
2424	0.000119729
2425	0.00019064
2426	0.000165867
2427	9.2744e-05
2428	0.000356725
2429	0.000198098
2430	0.000277923
2431	8.8601e-05
2432	0.000127932
2433	0.000281219
2434	0.000301411
2435	0.000158638
2436	0.000293816
2437	0.000118379
2438	0.000240749
2439	0.000151329
2440	0.000275703
2441	7.52245e-05
2442	4.51237e-05
2443	0.000139752
2444	0.000168071
2445	0.000230308
2446	0.00029924
2447	0.000255236
2448	0.000290017
2449	0.000139952
2450	0.000164602
2451	0.000338699
2452	8.04553e-05
2453	0.000126104
2454	7.70662e-05
2455	0.000164191
2456	0.000134408
2457	4.14725e-05
2458	0.000309998
2459	0.000237546
2460	0.000313778
2461	0.000383728
2462	0.0002059
2463	0.000382076
2464	0.000367594
2465	0.000198615
2466	0.000121541
2467	0.000248346
2468	0.000369243
2469	0.00025614
2470	4.14725e-05
2471	0.000398032
2472	0.000270666
2473	0.000199749
2474	0.000223556
2475	0.000305366
2476	0.000116053
2477	0.000220229
2478	0.000231101
2479	0.00017011
2480	0.000149579
2481	7.21038e-05
2482	0.000300624
2483	8.62992e-05
2484	0.000242885
2485	0.000260537
2486	0.000182456
2487	0.000166755
2488	0.000331725
2489	0.000215626
2490	0.000146841
2491	0.000374414
2492	0.000327258
2493	6.03585e-05
2494	0.000215509
2495	0.000273214
2496	9.6261e-05
2497	0.000224945
2498	0.000317367
2499	0.00021467
2500	0.000331502
2501	0.00025168
2502	0.000168689
2503	0.000152743
2504	0.00028285
2505	7.4665e-05
2506	0.000246296
2507	0.000370498
2508	0.00030621
2509	0.000417958
2510	0.000423811
2511	0.000423686
2512	0.000319956
2513	0.000155212
2514	8.47116e-05
2515	0.000140081
2516	0.000279787
2517	6.93091e-05
2518	0.000172665
2519	0.00013452
2520	0.000307714
2521	0.000268857
2522	7.85642e-05
2523	0.0001561
2524	6.34214e-05
2525	0.000174864
2526	0.000381189
2527	9.561e-05
2528	0.000116814
2529	0.000156104
2530	0.000117989
2531	0.000121573
2532	0.00020894
2533	0.000305595
2534	0.000170226
2535	0.000188601
2536	0.000146533
2537	0.000306627
2538	0.000286214
2539	0.000264414
2540	0.000246612
2541	5.57902e-05
2542	0.000373443
2543	0.000677595
2544	0.00012404
2545	7.13358e-05
2546	0.000273119
2547	0.000183862
2548	0.000122519
2549	0.000297129
2550	0.000314249
2551	0.000297067
2552	0.000219889
2553	0.000324208
2554	0.000188144
2555	0.000409286
2556	0.000252033
2557	0.000164275
2558	0.000292622
2559	0.000305209
2560	0.000382708
2561	0.000293745
2562	0.000143652
2563	0.000216992
2564	0.000347354
2565	7.97974e-05
2566	0.000159568
2567	0.000348742
2568	7.31526e-05
2569	4.14725e-05
2570	0.000219423
2571	0.00013262
2572	9.07313e-05
2573	0.000285627
2574	0.000205963
2575	0.000271322
2576	0.000125772
2577	0.000190359
2578	0.000303636
2579	0.000225285
2580	7.46756e-05
2581	0.000163429
2582	0.000316265
2583	0.000242293
2584	8.11094e-05
2585	0.000216212
2586	0.000340922
2587	0.000194213
2588	0.000292769
2589	0.000258989
2590	0.000361511
2591	0.000193295
2592	0.000378753
2593	0.000337486
2594	0.000314933
2595	8.62992e-05
2596	4.14725e-05
2597	0.000326476
2598	0.00049302
2599	7.54813e-05
2600	0.000337087
2601	0.000348545
2602	0.000367783
2603	0.000248483
2604	0.000364749
2605	8.86239e-05
2606	0.000160025
2607	0.00035751
2608	0.000322946
2609	0.000166942
2610	0.000252833
2611	0.000396806
2612	0.000158406
2613	8.95708e-05
2614	0.000182818
2615	0.000340251
2616	0.000325682
2617	0.000354625
2618	0.00021397
2619	0.000305715
2620	0.000282572
2621	0.000101514
2622	0.000189997
2623	0.000252407
2624	0.000351582
2625	0.000340211
2626	0.000196629
2627	0.000218143
2628	0.000238558
2629	0.000387168
2630	0.000319804
2631	0.00023215
2632	0.000100707
2633	0.000221963
2634	9.7192e-05
2635	0.000100766
2636	0.000206463
2637	0.000177443
2638	0.000305516
2639	0.000201194
2640	0.000284662
2641	0.000114672
2642	0.000451759
2643	0.000309819
2644	0.000240506
2645	0.000281283
2646	0.000263138
2647	0.00025386
2648	0.000256047
2649	0.000375301
2650	0.00018775
2651	8.50805e-05
2652	0.000178281
2653	0.000234398
2654	0.000280993
2655	0.00030931
2656	0.000155222
2657	0.000272747
2658	0.000198137
2659	0.000351306
2660	0.000205043
2661	0.00053382
2662	0.000255263
2663	0.000204797
2664	0.000376257
2665	0.000342019
2666	0.000285223
2667	0.000176461
2668	0.000280637
2669	0.000433371
2670	0.000253425
2671	0.000105084
2672	0.000231029
2673	0.000168248
2674	0.000378203
2675	0.000272229
2676	0.000380304
2677	0.000167603
2678	0.000113019
2679	0.00042332
2680	0.000254588
2681	0.000224426
2682	0.000151564
2683	0.000389228
2684	0.000185081
2685	0.000124905
2686	0.000190865
2687	0.000151433
2688	0.000126084
2689	0.000310729
2690	0.000252695
2691	0.000101642
2692	7.01247e-05
2693	0.000191471
2694	0.00042485
2695	8.88914e-05
2696	0.000170724
2697	0.000155222
2698	0.000317536
2699	0.000180834
2700	0.000154394
2701	0.000173352
2702	0.000193797
2703	0.000239194
2704	5.84455e-05
2705	0.000150524
2706	0.00032929
2707	0.000132326
2708	0.000213792
2709	0.000124656
2710	0.000124279
2711	0.000247187
2712	0.000259043
2713	0.000222283
2714	5.89458e-05
2715	0.00024385
2716	0.000563478
2717	0.000250765
2718	0.000276369
2719	0.000545316
2720	0.00029682
2721	0.000105084
2722	5.41205e-05
2723	0.000113896
2724	0.000524206
2725	0.000103051
2726	0.000154557
2727	0.000129089
2728	0.000289752
2729	0.000327991
2730	0.000623444
2731	0.000175946
2732	0.000174477
2733	0.000164137
2734	0.000258696
2735	0.000166554
2736	7.53797e-05
2737	0.000159604
2738	0.000427158
2739	0.000242648
2740	5.84455e-05
2741	0.000281568
2742	0.000624059
2743	0.000255866
2744	0.000127754
2745	0.000206224
2746	9.966e-05
2747	0.000122852
2748	0.000440892
2749	0.000255608
2750	0.00038196
2751	0.000239655
2752	8.68248e-05
2753	0.000300202
2754	0.000568108
2755	0.000396542
2756	0.000231154
2757	0.000377402
2758	0.000342901
2759	0.000166092
2760	0.000133915
2761	0.000169426
2762	0.000175235
2763	0.000315974
2764	0.000237795
2765	0.000265435
2766	0.000112574
2767	0.000100491
2768	0.000214852
2769	0.000116532
2770	0.000232659
2771	0.000159421
2772	0.000261956
2773	0.000273938
2774	0.000155765
2775	0.000211688
2776	0.000132632
2777	0.000379836
2778	0.000523026
2779	0.000163773
2780	0.000383309
2781	0.000399285
2782	0.000441912
2783	0.000233994
2784	0.000228717
2785	0.000293549
2786	0.000468811
2787	0.000326048
2788	6.52306e-05
2789	0.00017422
2790	0.000101797
2791	0.000132133
2792	0.000101642
2793	0.000537646
2794	0.000126361
2795	0.000203642
2796	0.000337821
2797	0.000181565
2798	5.37078e-05
2799	0.000162449
2800	0.000375258
2801	0.000105422
2802	9.21426e-05
2803	0.000190461
2804	9.04935e-05
2805	0.000132849
2806	0.000276892
2807	0.000180103
2808	7.08369e-05
2809	0.000164301
2810	0.000290892
2811	8.12449e-05
2812	0.000205933
2813	0.000243088
2814	5.89911e-05
2815	0.000267359
2816	0.000108445
2817	0.000132635
2818	0.000156262
2819	0.000186253
2820	0.000152168
2821	0.000113827
2822	0.000154176
2823	0.000233296
2824	0.000105084
2825	0.000169802
2826	0.000118408
2827	0.000342387
2828	0.00041757
2829	0.000226025
2830	0.000170653
2831	0.000159737
2832	0.000228824
2833	0.000443985
2834	0.00013041
2835	0.000218017
2836	0.000272265
2837	0.000134876
2838	9.33671e-05
2839	0.000620003
2840	0.000226522
2841	0.000263976
2842	4.39412e-05
2843	0.000233667
2844	0.000220174
2845	0.00018503
2846	0.000193435
2847	0.00012098
2848	0.00018261
2849	0.000432148
2850	0.000171561
2851	0.000182386
2852	8.31505e-05
2853	0.000336449
2854	0.000212065
2855	5.96055e-05
2856	0.000163632
2857	6.12469e-05
2858	0.000166684
2859	0.000159642
2860	5.64075e-05
2861	0.000221074
2862	0.000330324
2863	0.000635366
2864	0.000346244
2865	0.000320289
2866	0.000359452
2867	0.000369132
2868	0.000176487
2869	0.000403303
2870	0.000188284
2871	0.000293139
2872	0.000345718
2873	0.000345082
2874	0.000239411
2875	0.000310083
2876	0.000122418
2877	0.000473669
2878	0.000107918
2879	0.00021486
2880	0.000308692
2881	0.000304794
2882	0.000107069
2883	0.000139001
2884	8.05735e-05
2885	9.07487e-05
2886	0.000162737
2887	0.000213255
2888	0.000132317
2889	0.000245094
2890	0.000418698
2891	0.000134239
2892	0.000220286
2893	0.000111869
2894	0.000361719
2895	9.87373e-05
2896	0.000250278
2897	0.000256073
2898	9.87108e-05
2899	8.20413e-05
2900	0.000109163
2901	0.000457616
2902	0.000155226
2903	0.000104408
2904	0.000446887
2905	0.000338627
2906	0.00041074
2907	0.000176004
2908	0.000145677
2909	0.000367255
2910	0.000372713
2911	0.000315543
2912	0.000282919
2913	0.000346719
2914	0.000276036
2915	0.000429479
2916	0.000392067
2917	0.000111902
2918	0.000171538
2919	0.000328967
2920	0.000346509
2921	0.000282564
2922	7.02545e-05
2923	0.000151985
2924	0.000208315
2925	0.00036477
2926	0.000141187
2927	0.000422504
2928	0.000403913
2929	0.000240726
2930	0.000174477
2931	0.000265865
2932	0.000291248
2933	0.000175596
2934	0.00018655
2935	0.000152972
2936	0.000360946
2937	0.00035693
2938	0.000167589
2939	0.000376755
2940	0.000297538
2941	0.000122554
2942	9.92386e-05
2943	0.000383394
2944	0.00049134
2945	0.000263877
2946	0.000340228
2947	0.000147906
2948	0.000139756
2949	0.000272247
2950	0.000305655
2951	0.000670707
2952	6.12098e-05
2953	0.000180068
2954	0.000134376
2955	0.000328512
2956	0.00043535
2957	0.000144627
2958	0.000288743
2959	0.000228799
2960	0.000416443
2961	0.000103089
2962	0.000207345
2963	5.95244e-05
2964	0.000167193
2965	0.000139786
2966	0.000482085
2967	0.000142413
2968	0.00013606
2969	0.000327799
2970	0.000245346
2971	6.79497e-05
2972	0.000227566
2973	0.000399665
2974	0.000276013
2975	6.92769e-05
2976	0.000259525
2977	0.000178452
2978	0.000213803
2979	0.000173897
2980	6.97082e-05
2981	0.000145427
2982	0.000203042
2983	0.000223341
2984	0.000178553
2985	0.000275207
2986	0.00044427
2987	0.000154966
2988	0.000303051
2989	0.000340556
2990	0.000118554
2991	0.000330132
2992	0.000404605
2993	0.000273024
2994	0.000309575
2995	0.000129511
2996	0.000274651
2997	0.000175937
2998	5.72802e-05
2999	0.000309205
3000	0.000417966
3001	0.000288258
3002	0.00048864
3003	9.33671e-05
3004	0.00025648
3005	0.000304709
3006	4.91314e-05
3007	0.000173263
3008	0.000214567
3009	0.000147598
3010	0.000234209
3011	0.000306144
3012	0.000151599
3013	0.000178047
3014	0.000217363
3015	0.000101783
3016	0.000203766
3017	0.000428364
3018	0.000226449
3019	0.000498006
3020	0.000340144
3021	0.00027608
3022	0.000361374
3023	0.000195082
3024	0.000126117
3025	0.000291483
3026	0.000452247
3027	0.000433283
3028	0.000171299
3029	0.000254084
3030	8.92416e-05
3031	4.39412e-05
3032	0.000183025
3033	0.000399511
3034	0.000298094
3035	0.000489125
3036	0.000223451
3037	0.000101642
3038	0.00050959
3039	0.000154761
3040	0.00024058
3041	0.000190876
3042	0.000145752
3043	0.000146951
3044	7.11634e-05
3045	0.000116321
3046	0.00024616
3047	0.000236176
3048	0.000141539
3049	0.000409
3050	0.000144287
3051	0.000567632
3052	0.000264148
3053	0.000197207
3054	0.000386081
3055	0.000155765
3056	0.000359124
3057	0.000181211
3058	0.000121585
3059	7.97005e-05
3060	0.000442358
3061	0.000155788
3062	0.000252483
3063	0.00014944
3064	0.000293655
3065	0.000252136
3066	0.000200697
3067	0.0001266
3068	0.00014541
3069	0.000144772
3070	0.000338575
3071	4.39412e-05
3072	0.00038072
3073	0.000299284
3074	0.000155765
3075	0.000182707
3076	0.000493784
3077	0.000461227
3078	0.000435009
3079	0.000245729
3080	0.000209279
3081	0.000232342
3082	0.000624234
3083	0.00015257
3084	0.000393309
3085	0.000251525
3086	0.000286072
3087	0.000375275
3088	9.93933e-05
3089	0.000320403
3090	0.000539839
3091	0.000105084
3092	8.96475e-05
3093	0.000134507
3094	7.33664e-05
3095	0.00013793
3096	0.000343164
3097	0.000290115
3098	0.000301555
3099	0.000110859
3100	0.000242719
3101	0.000669707
3102	0.000269896
3103	0.000171729
3104	0.000414449
3105	0.00022434
3106	0.000347712
3107	0.000363384
3108	0.00028796
3109	0.000138469
3110	0.000147348
3111	0.000327742
3112	0.000100166
3113	0.000385137
3114	0.000264553
3115	0.000346063
3116	0.000563516
3117	0.000336477
3118	0.000296194
3119	0.000340425
3120	0.000383624
3121	8.66378e-05
3122	0.000179798
3123	0.000191919
3124	0.000225361
3125	5.10792e-05
3126	0.000138221
3127	0.000155765
3128	0.000159357
3129	0.000191987
3130	0.000125942
3131	0.000174477
3132	0.00044497
3133	0.000103971
3134	5.09608e-05
3135	0.000190014
3136	0.000454963
3137	0.000293049
3138	0.000173788
3139	0.000184657
3140	0.000455061
3141	0.000219795
3142	0.000263512
3143	6.60921e-05
3144	0.000145481
3145	0.000393699
3146	0.000340421
3147	0.000132635
3148	0.00020832
3149	0.000306504
3150	0.000503809
3151	0.00012493
3152	0.000480308
3153	0.000116731
3154	0.000580642
3155	0.00015991
3156	0.000129172
3157	0.000145147
3158	0.000263796
3159	9.11082e-05
3160	0.000198228
3161	8.02318e-05
3162	0.000420586
3163	0.000133267
3164	0.000118852
3165	9.19074e-05
3166	0.000205121
3167	0.000151782
3168	0.000361723
3169	0.000329334
3170	0.000165711
3171	0.00016616
3172	0.000412567
3173	0.000163105
3174	0.000335705
3175	7.34035e-05
3176	0.000225752
3177	0.000303065
3178	0.000215328
3179	0.000392297
3180	0.000174477
3181	0.000174477
3182	0.000389773
3183	4.39412e-05
3184	0.000302834
3185	0.000459757
3186	0.000186103
3187	0.000284935
3188	0.000316816
3189	0.000155363
3190	0.000125903
3191	0.000270997
3192	0.00012992
3193	0.000164453
3194	0.000136079
3195	0.000332505
3196	0.000307202
3197	9.17664e-05
3198	0.00050843
3199	0.000155554
3200	0.000222837
3201	0.000495643
3202	8.61673e-05
3203	0.000224439
3204	0.00028406
3205	0.000150897
3206	0.000284917
3207	0.000306675
3208	0.000141503
3209	0.000170649
3210	0.000126104
3211	0.000205878
3212	0.000230099
3213	0.000201202
3214	0.000452875
3215	0.000186807
3216	0.000140966
3217	7.73783e-05
3218	0.000179798
3219	0.00028274
3220	0.000263064
3221	0.000226895
3222	0.000162799
3223	0.000187593
3224	0.00032545
3225	0.000198085
3226	0.000359053
3227	7.79196e-05
3228	0.000187745
3229	0.000134496
3230	4.39412e-05
3231	0.00022603
3232	0.00047462
3233	0.000462742
3234	0.000191588
3235	8.09619e-05
3236	0.000174366
3237	0.000173286
3238	0.000208239
3239	0.000334797
3240	0.000385178
3241	0.000166741
3242	0.000141588
3243	0.00015033
3244	0.000142034
3245	0.000144776
3246	0.000136545
3247	0.000354388
3248	0.000275035
3249	0.000127646
3250	0.000172721
3251	0.000190951
3252	0.000458973
3253	0.000353237
3254	0.000118185
3255	0.000251645
3256	0.000500829
3257	0.000225744
3258	0.000300126
3259	0.000234958
3260	0.000189894
3261	0.000321386
3262	0.000164693
3263	0.000473167
3264	0.000248959
3265	0.000282017
3266	0.000106657
3267	0.000408991
3268	7.64496e-05
3269	0.000109506
3270	7.66686e-05
3271	0.000124818
3272	0.000288778
3273	0.000212806
3274	0.000412577
3275	0.000249003
3276	0.000166315
3277	0.000388119
3278	0.000184921
3279	0.000212514
3280	0.000606542
3281	0.000103867
3282	5.01854e-05
3283	0.000215849
3284	0.000317611
3285	0.000220279
3286	0.000146324
3287	0.000306775
3288	0.000287824
3289	0.000157351
3290	0.000101322
3291	0.000665604
3292	0.000119252
3293	0.000290976
3294	0.000152615
3295	0.000352574
3296	0.000256577
3297	0.0003424
3298	0.000280858
3299	0.000367666
3300	0.000175966
3301	0.000207966
3302	0.000462206
3303	0.000228669
3304	0.000197494
3305	7.39196e-05
3306	0.000162986
3307	0.000166194
3308	0.000115839
3309	0.000231894
3310	8.72846e-05
3311	0.000157011
3312	0.000152639
3313	0.00022855
3314	0.000216855
3315	0.000106306
3316	0.000228234
3317	8.48462e-05
3318	0.00026098
3319	0.000189193
3320	0.000628486
3321	0.000407887
3322	0.000138221
3323	7.89853e-05
3324	0.000435772
3325	0.000247696
3326	0.000139032
3327	0.000395432
3328	0.000161913
3329	0.000169762
3330	0.000519608
3331	0.000279516
3332	0.00034961
3333	8.36318e-05
3334	9.72438e-05
3335	0.000378904
3336	0.000124744
3337	0.000184137
3338	0.00012805
3339	0.000333414
3340	0.000149373
3341	0.000238072
3342	0.000430405
3343	0.000141082
3344	0.000414197
3345	0.00038838
3346	0.000268465
3347	0.000422668
3348	0.000377418
3349	0.000119482
3350	0.000464337
3351	0.000451196
3352	0.000111201
3353	0.000388832
3354	0.000179798
3355	0.000306369
3356	0.00016978
3357	0.000126771
3358	0.000109377
3359	0.000152762
3360	0.000450216
3361	0.000150036
3362	0.000360546
3363	0.000596033
3364	0.000241629
3365	0.000357978
3366	0.000442384
3367	9.75809e-05
3368	0.000126553
3369	0.000331164
3370	7.60004e-05
3371	0.000138169
3372	0.000155226
3373	0.000150322
3374	0.000163253
3375	5.90193e-05
3376	0.000121023
3377	0.000208706
3378	0.000346705
3379	0.00018959
3380	0.000161243
3381	0.000299082
3382	0.000226798
3383	0.000165543
3384	0.00024076
3385	0.000382076
3386	0.000311527
3387	0.0004372
3388	9.65495e-05
3389	9.44758e-05
3390	0.000158077
3391	0.000293283
3392	0.000160273
3393	0.000157468
3394	0.000215873
3395	0.000272196
3396	0.000439783
3397	0.00064648
3398	0.000106499
3399	0.000186381
3400	0.00020436
3401	0.000121023
3402	0.000171245
3403	0.000333934
3404	0.000152121
3405	0.000148618
3406	0.000413745
3407	7.64496e-05
3408	5.10735e-05
3409	0.000141899
3410	0.000145778
3411	0.000374843
3412	0.000335891
3413	5.8739e-05
3414	0.000120965
3415	0.000217738
3416	0.000293313
3417	0.000408151
3418	0.000102212
3419	0.000351564
3420	0.000195301
3421	0.000156074
3422	0.000250981
3423	0.000215031
3424	9.3121e-05
3425	0.000134707
3426	0.000535908
3427	0.00012805
3428	9.61145e-05
3429	7.45399e-05
3430	0.000150407
3431	0.000190391
3432	9.02618e-05
3433	0.000307676
3434	0.0005701
3435	0.000243719
3436	7.17608e-05
3437	0.00759149
3438	0.000247975
3439	0.000207288
3440	0.000271326
3441	0.000134622
3442	0.000559886
3443	0.000281606
3444	0.000124314
3445	0.0001285
3446	0.000225813
3447	0.000140402
3448	0.000428673
3449	0.000421104
3450	0.000185166
3451	4.89428e-05
3452	0.000172806
3453	4.89428e-05
3454	0.000196209
3455	0.000452172
3456	0.000471232
3457	9.47303e-05
3458	0.000234249
3459	0.000208578
3460	0.000334481
3461	0.000110191
3462	0.00020583
3463	0.0002756
3464	0.00037731
3465	0.000251008
3466	0.000323173
3467	6.89796e-05
3468	0.00034484
3469	0.000337645
3470	0.000212172
3471	0.000250584
3472	0.000205834
3473	0.000266836
3474	0.000228754
3475	0.000307569
3476	0.000235955
3477	0.000117798
3478	0.000256028
3479	0.000230795
3480	0.000255998
3481	0.000217447
3482	0.000188563
3483	0.000188102
3484	0.000171094
3485	0.000197823
3486	0.000332223
3487	0.000185821
3488	0.000422276
3489	0.000116009
3490	0.000299777
3491	0.000231311
3492	0.000122742
3493	0.000224568
3494	8.40048e-05
3495	0.000553215
3496	0.000250556
3497	0.000238668
3498	0.000223397
3499	0.00027105
3500	0.000293255
3501	0.000460127
3502	0.000160668
3503	0.000165146
3504	0.000156867
3505	0.000324554
3506	0.000531675
3507	0.000140786
3508	0.000325227
3509	0.000250361
3510	0.000249505
3511	0.00029961
3512	0.000157279
3513	0.000146583
3514	0.000373433
3515	0.000159343
3516	0.000217188
3517	0.000188615
3518	0.000305753
3519	0.000261087
3520	0.000132993
3521	0.000662911
3522	0.000137242
3523	0.000217447
3524	0.000207075
3525	0.000363952
3526	0.000353207
3527	0.000223175
3528	0.000331868
3529	0.000406695
3530	0.000164577
3531	0.0001888
3532	0.000208084
3533	0.000189098
3534	0.000282664
3535	0.000249589
3536	0.00024613
3537	0.00010119
3538	0.000315337
3539	0.000174515
3540	0.00033133
3541	0.000196283
3542	0.000317227
3543	0.000133537
3544	0.00011675
3545	0.000732433
3546	0.000331029
3547	0.000184401
3548	0.000137892
3549	0.00029829
3550	0.000219284
3551	0.000171771
3552	0.000102388
3553	0.000404114
3554	0.000262169
3555	0.000255892
3556	0.000170483
3557	0.000287283
3558	0.000418111
3559	0.000274256
3560	8.13141e-05
3561	0.000201737
3562	0.000230795
3563	0.000188317
3564	0.00023246
3565	9.21002e-05
3566	0.000166078
3567	0.000223793
3568	0.00040934
3569	0.000288442
3570	4.89428e-05
3571	0.000272126
3572	0.000115909
3573	0.000230921
3574	0.000164322
3575	6.91816e-05
3576	0.000390762
3577	0.000477114
3578	0.000231441
3579	0.000251008
3580	0.000195289
3581	0.00019389
3582	7.09648e-05
3583	0.000159336
3584	0.000554958
3585	0.000173202
3586	0.000439341
3587	0.00025565
3588	8.36768e-05
3589	6.26284e-05
3590	0.000317795
3591	0.000221827
3592	0.000209203
3593	0.000509811
3594	0.000190268
3595	0.000224093
3596	0.000771073
3597	6.92371e-05
3598	0.000164389
3599	0.000388303
3600	0.000121037
3601	0.00025615
3602	0.000217689
3603	0.000113704
3604	0.000702374
3605	0.000365457
3606	0.000126547
3607	0.000132854
3608	0.000241039
3609	0.000265747
3610	0.000247253
3611	0.000510272
3612	0.000269433
3613	0.000230795
3614	0.000149112
3615	0.000254524
3616	0.00026382
3617	0.000405748
3618	0.000204333
3619	8.70764e-05
3620	0.000195872
3621	0.000161727
3622	0.000171458
3623	0.000229811
3624	0.000285691
3625	0.00036856
3626	0.000154826
3627	0.000194176
3628	0.000335519
3629	0.000438503
3630	0.000173547
3631	0.000138134
3632	0.00012861
3633	0.000598631
3634	0.000269661
3635	0.00026721
3636	0.000300815
3637	0.000107327
3638	0.000240797
3639	0.000189719
3640	0.000384261
3641	0.000161327
3642	0.0002386
3643	0.000276862
3644	0.000188955
3645	0.000230899
3646	0.000206163
3647	0.000177214
3648	0.000263605
3649	0.000230795
3650	4.89428e-05
3651	0.000311747
3652	0.000141764
3653	0.000103482
3654	0.000142987
3655	0.000228199
3656	0.000226999
3657	0.000211092
3658	0.000172399
3659	0.000163507
3660	0.000113111
3661	0.000115704
3662	0.000341015
3663	0.000187545
3664	0.000175476
3665	0.000128581
3666	0.000129765
3667	0.000238097
3668	0.000152206
3669	0.000146734
3670	0.000227866
3671	0.000144827
3672	0.000469462
3673	9.04256e-05
3674	0.000391112
3675	0.000224181
3676	0.000116009
3677	0.000506009
3678	9.8764e-05
3679	0.000278589
3680	0.000495319
3681	0.000121838
3682	0.000194447
3683	0.000184722
3684	0.000631699
3685	0.000205872
3686	7.374e-05
3687	0.000302215
3688	6.00844e-05
3689	7.00457e-05
3690	0.000358388
3691	8.13141e-05
3692	0.000357128
3693	0.00029375
3694	0.000103054
3695	0.000230795
3696	0.000230221
3697	0.000217923
3698	0.000242515
3699	8.73284e-05
3700	0.000146734
3701	0.000246602
3702	0.000349888
3703	0.000174369
3704	5.84481e-05
3705	0.000437975
3706	0.000287278
3707	0.000239259
3708	0.000236919
3709	4.89428e-05
3710	0.000312203
3711	0.000327093
3712	0.000105486
3713	0.000308354
3714	0.00029531
3715	0.000182861
3716	0.000161623
3717	8.13141e-05
3718	0.000300222
3719	0.000277964
3720	0.000220511
3721	0.000303999
3722	0.000391678
3723	0.000154351
3724	0.000108461
3725	0.000296364
3726	0.000198552
3727	0.000146281
3728	0.000334337
3729	4.89428e-05
3730	0.000266532
3731	0.000370027
3732	6.29608e-05
3733	8.73471e-05
3734	0.000450606
3735	0.000203693
3736	0.00014058
3737	0.000367111
3738	0.000364937
3739	0.000238838
3740	0.000329844
3741	0.000189121
3742	0.000129661
3743	0.000296364
3744	8.13141e-05
3745	0.000145434
3746	8.51461e-05
3747	0.000315104
3748	4.89428e-05
3749	0.00014537
3750	0.000298573
3751	0.000151491
3752	0.000248981
3753	0.000302711
3754	0.000126924
3755	0.000110421
3756	0.000590437
3757	0.000266716
3758	0.000495835
3759	0.000292206
3760	0.000201062
3761	0.000258655
3762	0.000179912
3763	0.000167931
3764	0.000353437
3765	7.51983e-05
3766	0.000163254
3767	0.000148075
3768	0.000278686
3769	0.000177546
3770	0.000146772
3771	0.000144829
3772	0.000131091
3773	0.000186486
3774	0.0002856
3775	0.000166546
3776	0.000279485
3777	0.000142769
3778	0.000180795
3779	0.000245856
3780	0.000188143
3781	9.3364e-05
3782	0.000376654
3783	0.000202061
3784	0.000156657
3785	0.000197349
3786	0.000247551
3787	0.000127869
3788	0.000138057
3789	0.000196824
3790	0.00040955
3791	0.00031519
3792	0.000194816
3793	0.000538128
3794	0.000385194
3795	8.77043e-05
3796	0.000137602
3797	0.000417196
3798	4.89428e-05
3799	0.000283613
3800	0.000440849
3801	9.11695e-05
3802	0.000211142
3803	0.000267362
3804	0.000442978
3805	9.41257e-05
3806	0.000142894
3807	6.99026e-05
3808	6.87984e-05
3809	0.000252001
3810	0.000390273
3811	8.50162e-05
3812	0.000152984
3813	0.000146734
3814	0.000171826
3815	0.00019262
3816	7.71314e-05
3817	0.000146625
3818	0.000178179
3819	0.000211658
3820	4.89428e-05
3821	0.000329312
3822	0.000333245
3823	0.000211735
3824	0.000445641
3825	0.00037726
3826	0.000356058
3827	0.000129923
3828	0.000268641
3829	0.000434195
3830	0.00118551
3831	0.000267012
3832	0.000141392
3833	0.000351702
3834	0.000112166
3835	0.000308468
3836	0.000336514
3837	0.000263242
3838	0.000551056
3839	9.91704e-05
3840	0.000169846
3841	0.000320586
3842	0.000398741
3843	0.000123705
3844	0.000123437
3845	0.000202137
3846	8.51461e-05
3847	0.000222287
3848	0.000139459
3849	0.000124314
3850	0.000258036
3851	0.000535248
3852	0.000220962
3853	4.89428e-05
3854	6.37352e-05
3855	0.00019388
3856	4.89428e-05
3857	0.000182631
3858	0.000297141
3859	0.000106256
3860	0.000336743
3861	0.000279642
3862	0.000241628
3863	0.000226101
3864	0.000146734
3865	7.99136e-05
3866	0.000234887
3867	0.000315098
3868	0.000281252
3869	0.000359998
3870	0.000302343
3871	0.000141828
3872	0.000193685
3873	0.000356703
3874	0.000223746
3875	7.01676e-05
3876	0.00013291
3877	0.000498698
3878	0.000148149
3879	6.37352e-05
3880	0.000152343
3881	0.000227251
3882	8.34454e-05
3883	0.000230795
3884	0.000313133
3885	7.47819e-05
3886	0.000289025
3887	0.000124768
3888	0.000165541
3889	0.000159617
3890	9.53586e-05
3891	0.000268713
3892	0.000209958
3893	0.000109802
3894	0.000199007
3895	0.00018603
3896	0.000245469
3897	9.57552e-05
3898	0.000247803
3899	0.00012918
3900	0.000373693
3901	0.000151221
3902	0.000393791
3903	0.000218213
3904	0.000142169
3905	0.000174546
3906	0.000479234
3907	0.000313359
3908	0.000129921
3909	0.00025652
3910	8.9477e-05
3911	0.000146734
3912	0.000237498
3913	0.000183458
3914	0.000126318
3915	0.000268525
3916	0.000131541
3917	0.000239148
3918	0.000538222
3919	0.000189719
3920	0.000241696
3921	0.000368241
3922	6.80161e-05
3923	0.000167417
3924	0.000439557
3925	0.000115453
3926	0.000394774
3927	0.000319035
3928	6.52398e-05
3929	0.000176263
3930	0.000467781
3931	0.000286338
3932	0.000182663
3933	0.000323386
3934	0.000127226
3935	4.89428e-05
3936	0.000103395
3937	0.000186025
3938	0.000731573
3939	0.000105676
3940	0.000135085
3941	0.000117494
3942	6.11954e-05
3943	0.000240358
3944	0.000153674
3945	0.000402319
3946	9.3364e-05
3947	0.000356721
3948	0.000555941
3949	0.000259377
3950	0.00023329
3951	0.000380865
3952	0.000105704
3953	9.32414e-05
3954	0.000110647
3955	7.04491e-05
3956	0.000303893
3957	0.000276332
3958	0.000134772
3959	5.97294e-05
3960	0.000254212
3961	0.000139293
3962	0.000368739
3963	0.000146524
3964	0.000225535
3965	8.96681e-05
3966	0.000429517
3967	0.000239408
3968	0.00043748
3969	0.000281045
3970	0.000106905
3971	0.0004441
3972	0.00022734
3973	0.000116996
3974	4.89428e-05
3975	0.000237262
3976	0.000183334
3977	0.000102982
3978	7.92119e-05
3979	0.000192491
3980	0.00216235
3981	0.000251063
3982	0.000416384
3983	9.70479e-05
3984	6.83188e-05
3985	0.000205356
3986	0.000289163
3987	0.000118867
3988	0.000229511
3989	0.000214088
3990	0.000189059
3991	0.000126328
3992	0.000125343
3993	0.000204252
3994	0.000337548
3995	0.000287718
3996	0.000168398
3997	0.000328341
3998	0.000433558
3999	0.000177204
4000	0.000299529
4001	0.000118867
4002	0.000244813
4003	0.000169701
4004	0.000317316
4005	0.000132328
4006	0.000100899
4007	0.000189059
4008	6.83188e-05
4009	0.000303764
4010	6.83188e-05
4011	0.000147688
4012	0.000118867
4013	0.000206697
4014	0.00036785
4015	6.83188e-05
4016	0.000189059
4017	0.00030411
4018	0.000223059
4019	0.000250074
4020	0.000269499
4021	0.000335045
4022	6.83188e-05
4023	0.000539302
4024	6.83188e-05
4025	0.000189059
4026	0.000282379
4027	0.000268043
4028	0.000104127
4029	0.000118867
4030	0.000554272
4031	0.000357514
4032	0.000100899
4033	0.000123926
4034	9.37958e-05
4035	6.83188e-05
4036	0.000105998
4037	0.000148313
4038	0.000295374
